City_ID,City,Lat,Lng,Max Temp,Humidity,Cloudiness,Wind Speed,Country,Date
0,blackmans bay,-43.0167,147.3167,10.41,96,100,1.78,AU,1715192779
1,general conesa,-40.1,-64.4333,13.79,25,1,9.61,AR,1715192898
2,puerto natales,-51.7236,-72.4875,0.25,100,100,2.06,CL,1715192784
3,kingisepp,59.3733,28.6134,1.33,50,57,2.07,RU,1715192899
4,hadibu,12.65,54.0333,29.69,72,46,0.54,YE,1715192899
5,port-aux-francais,-49.35,70.2167,4.85,74,87,7.06,TF,1715192778
6,gillette,44.2911,-105.5022,3.51,100,100,8.75,US,1715192829
7,bethel,41.3712,-73.414,28.25,63,40,3.6,US,1715192786
8,udachny,66.4167,112.4,-6.97,89,78,3.27,RU,1715192659
9,west island,-12.1568,96.8225,26.99,78,40,5.14,CC,1715192787
10,grytviken,-54.2811,-36.5092,-3.04,69,23,3.08,GS,1715192781
11,huanggang,23.677,116.9996,21.94,71,95,2.28,CN,1715192903
12,georgetown,5.4112,100.3354,28.96,83,20,1.54,MY,1715192903
13,ilulissat,69.2167,-51.1,-2.99,74,75,5.14,GL,1715192709
14,cabo san lucas,22.8909,-109.9124,31.61,36,20,4.63,MX,1715192628
15,port alfred,-33.5906,26.891,18.99,91,99,0.89,ZA,1715192798
16,avarua,-21.2078,-159.775,28.03,89,75,4.12,CK,1715192810
17,adamstown,-25.066,-130.1015,21.87,79,50,4.12,PN,1715192903
18,ushuaia,-54.8,-68.3,3.79,81,20,0.51,AR,1715192719
19,atafu village,-8.5421,-172.5159,29.57,75,81,5.77,TK,1715192787
20,thompson,55.7435,-97.8558,10.09,53,40,3.09,CA,1715192785
21,sao gabriel da cachoeira,-0.1303,-67.0892,29.89,74,40,2.57,BR,1715192908
22,weno,7.4515,151.8468,27.97,83,100,3.6,FM,1715192909
23,waitangi,-43.9535,-176.5597,9.9,82,100,4.49,NZ,1715192909
24,chadan,51.2833,91.5833,10.38,64,32,1.95,RU,1715192910
25,whitehorse,60.7161,-135.0538,8.23,55,75,8.23,CA,1715192910
26,coquimbo,-29.9533,-71.3436,17.85,63,0,5.14,CL,1715192783
27,petropavlovsk-kamchatsky,53.0452,158.6483,0.81,78,75,3.58,RU,1715192911
28,vilyuchinsk,52.9306,158.4028,1.63,83,98,3.33,RU,1715192801
29,edinburgh of the seven seas,-37.0676,-12.3116,14.16,66,65,10.1,SH,1715192906
30,balabac,7.9868,117.0645,27.35,75,96,2.13,PH,1715192913
31,howrah,22.5892,88.3103,27.0,83,40,2.57,IN,1715192817
32,cambria,35.5641,-121.0808,22.02,49,4,2.04,US,1715192914
33,bredasdorp,-34.5322,20.0403,13.52,80,35,0.93,ZA,1715192782
34,yellowknife,62.456,-114.3525,13.01,63,20,4.12,CA,1715192657
35,tiksi,71.6872,128.8694,-9.66,95,48,3.52,RU,1715192791
36,san patricio,28.017,-97.5169,32.52,58,98,5.13,US,1715192916
37,jamestown,42.097,-79.2353,24.73,43,40,12.35,US,1715192879
38,okhotsk,59.3833,143.3,-0.54,94,97,2.27,RU,1715192917
39,kapoeta,4.7717,33.5903,29.42,46,83,6.05,SS,1715192917
40,chonchi,-42.6128,-73.8092,9.56,86,100,3.57,CL,1715192804
41,palmer,42.1584,-72.3287,23.92,94,100,0.0,US,1715192740
42,chibougamau,49.9168,-74.3659,9.79,50,100,5.14,CA,1715192919
43,olonkinbyen,70.9221,-8.7187,-1.43,99,100,8.12,SJ,1715192780
44,tabuk,17.4189,121.4443,24.36,87,84,1.07,PH,1715192920
45,kavieng,-2.5744,150.7967,28.04,82,91,6.8,PG,1715192921
46,port elizabeth,-33.918,25.5701,17.83,87,75,4.12,ZA,1715192921
47,anadyr,64.75,177.4833,-7.72,67,0,4.0,RU,1715192922
48,polyarnyy,69.1989,33.4478,-2.35,79,100,2.29,RU,1715192862
49,kailua-kona,19.6406,-155.9956,25.98,76,40,5.14,US,1715192787
50,port mathurin,-19.6833,63.4167,25.68,66,77,12.28,MU,1715192790
51,remire-montjoly,4.9167,-52.2667,29.02,79,0,2.57,GF,1715192924
52,prado,-17.3411,-39.2208,27.88,68,1,3.82,BR,1715192820
53,queenstown,-31.8976,26.8753,14.55,75,2,2.3,ZA,1715192925
54,kulhudhuffushi,6.6221,73.07,30.08,73,100,4.6,MV,1715192926
55,richards bay,-28.783,32.0377,22.43,81,79,4.12,ZA,1715192926
56,minas de barroteran,27.6333,-101.2833,36.44,4,57,3.42,MX,1715192927
57,isafjordur,66.0755,-23.124,2.1,73,56,4.21,IS,1715192780
58,bilibino,68.0546,166.4372,-5.89,92,94,1.42,RU,1715192928
59,noumea,-22.2763,166.4572,22.78,99,22,5.13,NC,1715192928
60,nemuro,43.3236,145.575,2.77,84,27,3.3,JP,1715192794
61,albany,42.6001,-73.9662,25.97,70,70,0.45,US,1715192878
62,hawaiian paradise park,19.5933,-154.9731,24.46,86,100,1.54,US,1715192781
63,greencastle,39.6445,-86.8647,27.34,49,0,2.06,US,1715192931
64,alik ghund,30.4896,67.5226,19.46,31,0,0.77,PK,1715192931
65,nagqu,31.5,92.0,2.07,54,91,4.96,CN,1715192932
66,alo,7.4178,6.7371,31.88,59,88,2.78,NG,1715192932
67,jilin,43.0,126.0,12.37,53,87,2.92,CN,1715192933
68,port saint john's,-31.6229,29.5448,22.19,75,49,1.86,ZA,1715192813
69,porto novo,6.4965,2.6036,29.9,73,92,4.26,BJ,1715192934
70,kapa'a,22.0752,-159.319,24.99,82,100,4.63,US,1715192935
71,la passe,45.5549,-0.8967,21.13,75,76,4.61,FR,1715192825
72,hampton bays,40.869,-72.5176,17.94,95,100,4.63,US,1715192936
73,freetown,8.484,-13.2299,29.84,74,75,6.17,SL,1715192936
74,margaret river,-33.95,115.0667,17.75,48,100,5.12,AU,1715192790
75,ust-nera,64.5667,143.2,1.17,84,99,0.48,RU,1715192802
76,lebu,-37.6167,-73.65,12.38,60,9,3.49,CL,1715192794
77,tolanaro,-25.0319,46.9987,24.04,78,40,5.14,MG,1715192783
78,hassi messaoud,31.6804,6.0729,25.92,34,6,3.6,DZ,1715192939
79,robore,-18.3333,-59.75,35.05,49,40,9.26,BO,1715192832
80,lata,40.1629,-8.3327,27.49,36,52,0.85,PT,1715192940
81,utrik,11.2278,169.8474,26.88,77,100,9.86,MH,1715192941
82,basco,20.4487,121.9702,27.01,75,64,12.12,PH,1715192941
83,san antonio de pale,-1.4014,5.6325,27.08,89,78,4.1,GQ,1715192942
84,tindouf,27.6711,-8.1474,39.25,5,0,6.17,DZ,1715192942
85,vorgashor,67.5833,63.95,-9.55,93,41,3.05,RU,1715192812
86,hobyo,5.3505,48.5268,29.51,77,16,4.35,SO,1715192793
87,flying fish cove,-10.4217,105.6791,25.82,94,100,4.12,CX,1715192787
88,gargalianoi,37.0667,21.6333,17.42,77,100,2.37,GR,1715192944
89,ghanzi,-21.5667,21.7833,23.47,33,2,4.06,BW,1715192796
90,tura,25.5198,90.2201,20.93,64,13,1.43,IN,1715192945
91,iqaluit,63.7506,-68.5145,-1.15,74,75,7.72,CA,1715192946
92,tsetserleg,47.475,101.4542,4.44,65,100,0.21,MN,1715192946
93,mbandaka,0.0487,18.2603,24.69,83,100,1.17,CD,1715192947
94,itoman,26.1247,127.6694,20.43,64,40,8.75,JP,1715192947
95,badger,64.8,-147.5333,10.0,69,75,1.54,US,1715192812
96,sharlyk,52.9167,54.75,6.1,86,99,8.73,RU,1715192948
97,howard springs,-12.497,131.047,23.95,97,36,0.88,AU,1715192815
98,kembe,4.6228,21.8865,28.99,47,89,0.92,CF,1715192950
99,nogliki,51.8333,143.1667,-0.37,83,23,3.58,RU,1715192950
100,baukau,51.5526,7.2042,17.58,69,75,2.98,DE,1715192951
101,olyokminsk,60.3736,120.4264,-0.16,86,57,2.8,RU,1715192799
102,margate,51.3813,1.3862,14.37,77,53,1.95,GB,1715192675
103,puerto ayora,-0.7393,-90.3518,26.98,95,100,1.34,EC,1715192952
104,yuzhno-kurilsk,44.0306,145.8556,2.99,95,93,5.95,RU,1715192791
105,lompoc,34.6391,-120.4579,25.94,58,0,2.57,US,1715192783
106,chunskiy,56.0815,99.6342,8.71,75,88,4.25,RU,1715192954
107,longyearbyen,78.2186,15.6401,0.91,64,20,3.6,SJ,1715192785
108,al ghayzah,16.2079,52.176,30.77,71,2,5.2,YE,1715192955
109,cossato,45.5739,8.1817,18.14,76,35,1.48,IT,1715192956
110,qaqortoq,60.7167,-46.0333,2.66,60,100,1.59,GL,1715192790
111,papatowai,-46.5619,169.4708,3.14,85,39,2.65,NZ,1715192781
112,uturoa,-16.7333,-151.4333,27.49,78,20,6.88,PF,1715192957
113,ulanhot,46.0833,122.0833,11.31,36,75,2.68,CN,1715192820
114,bartin,41.5833,32.5,13.12,74,34,1.73,TR,1715192958
115,sao tome,0.3365,6.7273,29.02,79,40,1.03,ST,1715192768
116,wailua homesteads,22.0669,-159.378,24.24,82,100,4.63,US,1715192960
117,daleville,31.3102,-85.713,33.8,56,40,7.2,US,1715192825
118,phan rang-thap cham,11.5667,108.9833,26.05,85,15,1.9,VN,1715192961
119,lihue,21.9789,-159.3672,24.58,77,100,4.63,US,1715192961
120,galliano,29.4422,-90.2992,30.56,66,75,6.69,US,1715192916
121,kayangel,8.0823,134.7173,28.19,78,96,4.66,PW,1715192962
122,katagum,12.2867,10.3527,37.57,9,34,3.23,NG,1715192963
123,nova sintra,14.8667,-24.7167,24.13,72,3,6.58,CV,1715192963
124,cidreira,-30.1811,-50.2056,25.87,72,83,5.62,BR,1715192964
125,sajir,25.1825,44.5996,29.59,18,0,1.65,SA,1715192964
126,whakatane,-37.9585,176.9854,6.54,95,23,2.68,NZ,1715192965
127,bandon,51.7469,-8.7425,14.77,86,98,2.82,IE,1715192966
128,ciudad lazaro cardenas,17.9583,-102.2,28.23,60,100,3.61,MX,1715192966
129,likasi,-10.9814,26.7333,17.96,67,94,1.28,CD,1715192967
130,prince rupert,54.3161,-130.3201,10.05,90,75,7.72,CA,1715192800
131,tonya,40.8862,39.2924,10.39,53,1,2.82,TR,1715192968
132,stanley,54.868,-1.6985,15.43,71,20,4.63,GB,1715192798
133,emerald,-23.5333,148.1667,16.86,78,93,4.93,AU,1715192969
134,aykhal,66.0,111.5,-7.07,97,99,2.95,RU,1715192832
135,ballina,-28.8667,153.5667,16.55,73,90,3.5,AU,1715192970
136,burang,30.25,81.1667,3.22,78,57,1.15,CN,1715192970
137,glace bay,46.1969,-59.957,13.92,74,20,7.2,CA,1715192971
138,hamilton,39.1834,-84.5333,29.49,52,0,2.06,US,1715192814
139,port isabel,26.0734,-97.2086,34.05,66,75,7.72,US,1715192727
140,colonia,50.9333,6.95,17.2,67,0,4.12,DE,1715192808
141,taoudenni,22.6783,-3.9836,38.81,4,96,2.17,ML,1715192974
142,mponela,-13.5319,33.7401,17.13,79,52,3.08,MW,1715192974
143,tazovsky,67.4667,78.7,-13.63,98,32,3.26,RU,1715192975
144,guarapari,-20.6667,-40.4975,28.27,71,5,6.06,BR,1715192976
145,minas de marcona,-15.2119,-75.1103,18.99,65,60,8.64,PE,1715192835
146,orikhiv,47.5673,35.7858,10.05,48,100,3.59,UA,1715192977
147,brookings,44.3114,-96.7984,19.19,55,0,8.23,US,1715192807
148,dudinka,69.4058,86.1778,-10.74,94,92,3.13,RU,1715192978
149,tchintabaraden,15.8969,5.7985,36.61,12,84,1.83,NE,1715192978
150,enewetak,11.3474,162.3373,27.44,73,78,9.04,MH,1715192791
151,santa ana,33.7456,-117.8678,22.74,60,20,5.14,US,1715192723
152,talnakh,69.4865,88.3972,-11.0,80,86,1.71,RU,1715192981
153,lycksele,64.5954,18.6735,2.93,65,75,1.54,SE,1715192683
154,puerto baquerizo moreno,-0.9,-89.6,28.55,65,40,8.75,EC,1715192795
155,amga,60.8953,131.9608,2.39,84,100,3.33,RU,1715192982
156,new norfolk,-42.7826,147.0587,11.07,99,100,0.48,AU,1715192983
157,fourmies,50.0153,4.0478,12.57,85,100,3.2,FR,1715192971
158,shiguai,40.7058,110.2856,17.83,26,37,1.66,CN,1715192984
159,el calafate,-50.3408,-72.2768,1.37,65,70,0.54,AR,1715192822
160,bardai,11.65,7.2333,35.36,13,76,3.07,NG,1715192985
161,sant lluis,39.8526,4.2594,18.22,63,0,6.17,ES,1715192986
162,hilo,19.7297,-155.09,24.79,80,100,1.54,US,1715192986
163,carnarvon,-24.8667,113.6333,21.75,55,60,0.52,AU,1715192987
164,ancud,-41.8697,-73.8203,10.13,82,100,7.62,CL,1715192828
165,east ballina,-28.8667,153.5833,16.56,73,90,3.5,AU,1715192794
166,svetlyy,54.675,20.1347,9.09,75,74,2.56,RU,1715192988
167,az zubayr,30.3945,47.7011,26.92,32,0,4.12,IQ,1715192990
168,ilebo,-4.3167,20.5833,27.29,61,85,0.95,CD,1715192990
169,punta del este,-34.9667,-54.95,16.09,91,100,13.41,UY,1715192991
170,puerto deseado,-47.7503,-65.8938,6.93,61,52,3.81,AR,1715192993
171,charters towers,-20.1,146.2667,17.47,89,78,3.58,AU,1715192994
172,linhares,-19.3911,-40.0722,28.68,65,84,2.37,BR,1715192725
173,puerto san jose,13.9256,-90.8244,34.03,55,0,5.14,GT,1715192996
174,cangzhou,38.3167,116.8667,20.13,24,33,5.87,CN,1715192997
175,berezovyy,51.6667,135.7,10.92,55,91,2.07,RU,1715192998
176,xianyang,34.3378,108.7026,19.58,82,0,2.0,CN,1715192999
177,vadso,70.0744,29.7487,0.49,80,40,3.6,NO,1715192788
178,santona,43.4439,-3.4576,19.28,85,100,3.62,ES,1715193001
179,ribeira grande,38.5167,-28.7,19.32,72,40,7.72,PT,1715192780
180,manismata,-2.4667,111.0333,23.47,99,99,0.62,ID,1715193003
181,dolores,-36.3132,-57.6792,15.58,69,100,10.3,AR,1715192829
182,portland,45.5234,-122.6762,15.9,64,20,2.06,US,1715192785
183,city of balikpapan,-1.242,116.8942,25.6,88,64,1.14,ID,1715193006
184,gouyave,12.1646,-61.7296,30.43,70,20,8.23,GD,1715193007
185,happy valley-goose bay,53.3168,-60.3315,4.17,56,75,6.17,CA,1715192795
186,kudahuvadhoo,2.6708,72.8944,29.21,74,100,6.17,MV,1715192811
187,argo,37.6333,22.7333,17.22,75,98,0.77,GR,1715192967
188,geraldton,-28.7667,114.6,23.23,28,100,7.2,AU,1715193011
189,buala,-8.145,159.5921,26.97,86,95,4.69,SB,1715193012
190,wewak,-3.5534,143.6268,25.05,92,100,3.42,PG,1715193014
191,garissa,-0.4536,39.6401,26.73,71,100,8.32,KE,1715193015
192,melekeok village,7.4957,134.6367,26.31,89,40,0.0,PW,1715193016
193,champerico,14.3,-91.9167,35.3,63,1,5.53,GT,1715193017
194,crane,31.3974,-102.3501,31.14,10,0,7.69,US,1715193020
195,la piedad,20.35,-102.0,36.82,8,84,1.13,MX,1715192935
196,tsiombe,-25.3,45.4833,21.36,83,0,3.06,MG,1715193022
197,aspropyrgos,38.0667,23.5833,22.49,44,20,1.03,GR,1715193024
198,luwuk,-0.9516,122.7875,23.22,96,100,1.67,ID,1715193025
199,monrovia,6.3005,-10.7969,29.87,81,100,3.95,LR,1715193026
200,fuglafjordur,62.244,-6.814,9.26,99,100,2.86,FO,1715193027
201,beni,0.5,29.4667,19.85,88,11,1.26,CD,1715193029
202,santa cruz,-17.8,-63.1667,31.7,58,20,11.83,BO,1715193030
203,parkes,-33.1333,148.1833,12.97,74,0,3.88,AU,1715193031
204,san sebastian de la gomera,28.0916,-17.1133,25.21,68,0,4.12,ES,1715193032
205,sao jose do egito,-7.4789,-37.2744,28.68,51,92,4.33,BR,1715192895
206,invercargill,-46.4,168.35,0.01,95,39,0.89,NZ,1715192912
207,kerikeri,-35.2268,173.9474,10.51,83,5,3.58,NZ,1715193035
208,urumqi,43.801,87.6005,14.53,82,75,5.0,CN,1715193036
209,priargunsk,50.3691,119.1012,7.52,28,13,0.24,RU,1715193038
210,loudun,47.0079,0.083,19.1,85,13,3.42,FR,1715193041
211,akureyri,65.6835,-18.0878,6.96,45,75,2.57,IS,1715193042
212,inderbor,48.55,51.7833,11.05,74,100,9.79,KZ,1715193043
213,villa ocampo,-28.4875,-59.3551,21.85,66,35,7.43,AR,1715193044
214,boa vista,2.8197,-60.6733,30.99,62,75,3.09,BR,1715192845
215,mossel bay,-34.1831,22.146,15.96,87,0,1.94,ZA,1715193026
216,qamdo,31.1667,97.2333,5.93,55,100,1.67,CN,1715193048
217,luena,-11.7833,19.9167,24.1,64,100,2.06,AO,1715193049
218,kapuskasing,49.4169,-82.4331,8.05,61,75,6.69,CA,1715192822
219,ruston,32.5232,-92.6379,27.55,94,100,5.14,US,1715192845
220,selfoss,63.9331,-20.9971,7.25,54,7,5.93,IS,1715193052
221,fonte boa,-2.4959,-66.2662,30.06,72,88,1.68,BR,1715193053
222,chatham,51.3789,0.5279,17.92,65,90,2.85,GB,1715192790
223,rahimah,26.7079,50.0619,27.12,56,22,9.62,SA,1715193057
224,kodiak,57.79,-152.4072,3.73,65,0,4.12,US,1715192801
225,kone,-21.0595,164.8658,17.07,91,0,1.69,NC,1715193059
226,ondjiva,-17.0667,15.7333,29.02,32,53,2.06,AO,1715193061
227,opuwo,-18.0607,13.84,25.01,41,40,2.29,NA,1715193062
228,turabah,21.2141,41.6331,29.23,19,0,3.56,SA,1715193063
229,ghat,24.9647,10.1728,32.61,9,7,4.75,LY,1715193004
230,bousse,12.6606,-1.8922,37.31,26,23,3.34,BF,1715193065
231,sitka,57.0531,-135.33,7.94,87,100,6.17,US,1715193066
232,detroit lakes,46.8172,-95.8453,18.25,53,0,5.14,US,1715192804
233,knin,44.0439,16.2,16.61,84,100,3.61,HR,1715193067
234,baruun-urt,46.6806,113.2792,8.93,22,96,2.63,MN,1715193067
235,al abyar,32.19,20.5965,20.07,37,0,9.96,LY,1715193068
236,gazojak,41.1875,61.4036,25.0,34,100,4.63,TM,1715193069
237,baise city,23.8997,106.6133,24.08,99,100,0.8,CN,1715193069
238,susuman,62.7833,148.1667,-1.12,83,99,1.34,RU,1715193070
239,harnai,30.1005,67.9374,29.76,16,0,1.53,PK,1715193071
240,mocimboa,-11.3167,40.35,24.62,86,25,4.56,MZ,1715193071
241,kostomuksha,64.571,30.5767,-1.65,71,100,5.36,RU,1715193072
242,aasiaat,68.7098,-52.8699,-3.78,69,64,4.74,GL,1715192804
243,st. john's,47.5649,-52.7093,6.27,91,100,8.23,CA,1715193006
244,sandnessjoen,66.0217,12.6316,7.06,70,75,5.14,NO,1715193073
245,bikenibeu village,1.3673,173.1241,27.98,83,40,3.6,KI,1715192796
246,pacific grove,36.6177,-121.9166,21.51,49,0,3.09,US,1715192999
247,pontalina,-17.525,-49.4472,30.51,34,0,2.08,BR,1715193075
248,namibe,-15.1961,12.1522,23.56,68,2,4.93,AO,1715192814
249,zhoushan,30.0108,122.2047,14.15,83,91,1.49,CN,1715193076
250,bayganin,48.6947,55.8742,15.25,75,99,2.64,KZ,1715193056
251,nar'yan-mar,67.6713,53.087,-4.94,88,99,7.15,RU,1715192841
252,northam,51.0333,-4.2167,15.9,75,100,1.1,GB,1715193078
253,naze,28.3667,129.4833,17.51,70,23,8.59,JP,1715192805
254,east london,-33.0153,27.9116,19.52,94,100,1.03,ZA,1715193079
255,manzhouli,49.6,117.4333,7.71,29,0,3.09,CN,1715193081
256,ambon,-3.6954,128.1814,26.6,16,40,4.12,ID,1715193081
257,hotan,37.0997,79.9269,22.9,16,0,1.99,CN,1715193082
258,jinjiang,24.8198,118.5741,22.79,74,100,5.79,CN,1715193082
259,debre werk',10.6667,38.1667,18.38,55,90,2.67,ET,1715193083
260,mitu,1.1983,-70.1733,30.94,67,94,1.23,CO,1715193084
261,woolgoolga,-30.1106,153.2007,15.93,76,54,2.52,AU,1715193085
262,nyagan,62.1406,65.3936,2.5,83,100,5.56,RU,1715193086
263,punta arenas,-53.15,-70.9167,3.06,93,75,1.54,CL,1715193086
264,kampong chhnang,12.1667,104.55,28.36,68,2,3.26,KH,1715193087
265,klyuchi,52.2667,79.1667,13.22,49,14,2.6,RU,1715193088
266,college,64.8569,-147.8028,10.05,77,75,1.54,US,1715193089
267,zalari,53.5584,102.5065,12.52,50,100,6.21,RU,1715193090
268,songyang,34.4553,113.0281,18.75,50,100,1.99,CN,1715193091
269,san rafael del sur,11.8485,-86.4384,36.54,59,68,3.7,NI,1715193093
270,la sarre,48.8002,-79.1996,11.88,43,100,5.07,CA,1715192795
271,novoishimskiy,53.1981,66.7694,17.59,46,100,9.19,KZ,1715193095
272,doctor juan leon mallorquin,-25.4,-55.2667,31.85,38,86,2.13,PY,1715193096
273,fisterra,42.9049,-9.2629,25.73,82,13,4.98,ES,1715193097
274,waingapu,-9.6567,120.2641,24.45,85,2,3.89,ID,1715193098
275,nova xavantina,-14.6667,-52.35,31.29,44,3,1.27,BR,1715193100
276,iskateley,67.6803,53.1512,-4.99,88,100,7.15,RU,1715193101
277,michurinsk,52.8978,40.4907,3.35,68,100,3.92,RU,1715193103
278,chabahar,25.2919,60.643,29.57,67,0,1.91,IR,1715193104
279,murzuq,25.9155,13.9184,30.4,9,6,3.88,LY,1715193105
280,tucuma,-0.1833,-50.05,28.54,82,70,2.98,BR,1715193106
281,nova vicosa,-17.8919,-39.3719,28.0,69,2,3.43,BR,1715193108
282,saint-philippe,-21.3585,55.7679,23.77,76,90,6.82,RE,1715193109
283,wangqing,43.3218,129.7634,8.73,64,100,1.62,CN,1715193110
284,sidrolandia,-20.9319,-54.9614,33.92,24,6,4.79,BR,1715193111
285,albertirsa,47.2431,19.6169,18.13,79,94,3.18,HU,1715193112
286,hermanus,-34.4187,19.2345,10.45,78,0,2.41,ZA,1715193114
287,kaiama,9.6225,3.9481,32.97,38,99,0.66,NG,1715193115
288,ketchikan,55.3422,-131.6461,10.19,87,100,5.66,US,1715192828
289,fort bragg,35.139,-79.006,32.68,57,40,4.12,US,1715193117
290,ulladulla,-35.35,150.4667,15.02,86,94,0.91,AU,1715193119
291,kavaratti,10.5669,72.642,30.5,68,100,4.25,IN,1715193120
292,inhambane,-23.865,35.3833,21.99,83,20,1.54,MZ,1715193121
293,masterton,-40.9597,175.6575,7.71,85,98,5.65,NZ,1715193122
294,pont-sainte-maxence,49.3017,2.6047,14.12,74,100,3.06,FR,1715193123
295,eyl,7.9803,49.8164,29.17,78,0,3.6,SO,1715193125
296,mata-utu,-13.2816,-176.1745,29.4,79,100,4.96,WF,1715193126
297,zeven,53.3,9.2833,16.84,89,12,3.01,DE,1715193127
298,murrells inlet,33.551,-79.0414,33.39,78,20,6.17,US,1715192868
299,uzhur,55.3036,89.8339,6.92,64,25,2.2,RU,1715193129
300,mirny,62.5353,113.9611,-6.54,98,72,2.24,RU,1715193130
301,zaozersk,69.4005,32.4476,-6.49,86,100,2.46,RU,1715193132
302,usogorsk,63.4106,48.6872,-0.19,50,100,6.79,RU,1715193133
303,lucapa,-8.4192,20.7447,25.44,56,96,1.4,AO,1715193134
304,shingu,33.7333,135.9833,10.17,73,100,2.84,JP,1715193136
305,kingston,17.997,-76.7936,29.53,75,100,1.81,JM,1715193011
306,isangel,-19.55,169.2667,22.09,67,33,6.76,VU,1715193138
307,embi,48.8264,58.1442,13.67,73,6,5.38,KZ,1715193139
308,haiku-pauwela,20.9219,-156.3051,25.12,74,20,1.54,US,1715193140
309,sangkhla buri,15.1555,98.4536,22.94,96,82,0.81,TH,1715193141
310,tocopilla,-22.092,-70.1979,21.15,68,54,3.06,CL,1715193143
311,walvis bay,-22.9575,14.5053,17.53,77,0,2.06,NA,1715193144
312,castillos,-34.1667,-53.8333,15.96,89,100,6.06,UY,1715193145
313,akrehamn,59.2667,5.1833,9.67,71,20,1.54,NO,1715193146
314,pampa,35.5362,-100.9599,23.09,23,0,3.09,US,1715193035
315,zag,46.9441,99.165,8.64,71,0,4.4,MN,1715193148
316,sinjar,36.3209,41.8754,19.02,44,0,0.53,IQ,1715193149
317,hami,42.8,93.45,22.09,27,0,5.92,CN,1715193152
318,sisimiut,66.9395,-53.6735,-1.19,73,71,2.23,GL,1715193153
319,okha,53.5739,142.9478,-0.42,81,33,6.26,RU,1715193139
320,rongelap,11.1635,166.8941,26.93,78,100,9.18,MH,1715193155
321,trashi yangtse,27.6116,91.498,13.52,88,100,2.15,BT,1715193156
322,kolonia,50.9333,6.95,16.92,68,0,4.12,DE,1715193034
323,tarauaca,-8.1614,-70.7656,32.13,63,99,0.27,BR,1715193158
324,cabedelo,-6.9811,-34.8339,30.37,78,100,4.43,BR,1715193159
325,at taj,24.2049,23.2857,29.92,14,100,4.48,LY,1715193161
326,bodo,67.28,14.405,4.41,84,75,7.72,NO,1715192979
327,daimiel,39.07,-3.615,24.99,15,0,2.57,ES,1715193163
328,ioannina,39.6675,20.8508,15.86,88,40,2.57,GR,1715193164
329,tralee,52.2704,-9.7026,16.3,67,87,1.53,IE,1715192949
330,tromso,69.6496,18.957,6.01,45,0,5.14,NO,1715193117
331,zanjan,36.6736,48.4787,10.54,60,68,3.47,IR,1715192888
332,quinhamel,11.8833,-15.85,33.14,59,5,5.63,GW,1715193168
333,lospalos,-8.5186,127.0025,21.97,90,55,2.5,TL,1715193170
334,raduzhny,62.0961,77.475,-0.57,97,100,1.28,RU,1715193171
335,tofol,5.3248,163.0078,28.02,84,100,8.36,FM,1715193172
336,soma,39.1855,27.6094,19.62,62,100,1.78,TR,1715193173
337,katsuren-haebaru,26.3369,127.8719,20.43,63,20,7.72,JP,1715193174
338,mahanoro,-19.9,48.8,22.84,82,0,2.08,MG,1715193176
339,holualoa,19.6228,-155.9522,23.91,77,40,5.14,US,1715192882
340,hammerfest,70.6634,23.6821,3.25,48,0,5.14,NO,1715193178
341,cascais,38.6979,-9.4215,28.64,38,0,4.12,PT,1715193179
342,canico,32.6333,-16.85,22.62,84,40,3.09,PT,1715193180
343,mar del plata,-38.0023,-57.5575,16.16,78,75,10.29,AR,1715193063
344,samsun,41.25,36.3333,13.42,77,0,2.06,TR,1715192951
345,la ronge,55.1001,-105.2842,15.12,44,0,2.57,CA,1715193184
346,askoy,60.4092,5.226,11.08,87,75,3.09,NO,1715193185
347,nikolayevsk-on-amure,53.1406,140.73,1.79,72,100,1.79,RU,1715193091
348,puerto santa,-8.9906,-78.6456,21.04,79,44,3.66,PE,1715193187
349,sorong,-0.8833,131.25,25.09,94,100,2.34,ID,1715193187
350,jayapura,-2.5333,140.7,24.66,92,100,1.22,ID,1715193188
351,warangal,18.0,79.5833,29.21,60,0,6.73,IN,1715193098
352,safford,32.834,-109.7076,27.08,14,0,4.63,US,1715193190
353,songjianghe,42.1859,127.479,8.13,71,100,3.11,CN,1715193191
354,impfondo,1.6381,18.0667,24.8,86,100,1.75,CG,1715193191
355,umm kaddadah,13.6017,26.6876,29.91,13,2,5.62,SD,1715193192
356,valera,9.3178,-70.6036,28.21,81,100,1.73,VE,1715193193
357,tual,-5.6667,132.75,27.97,77,87,6.22,ID,1715193193
358,starkville,33.4504,-88.8184,28.93,74,40,5.66,US,1715193151
359,hithadhoo,-0.6,73.0833,27.97,80,100,6.5,MV,1715193195
360,lagoa,39.05,-27.9833,16.56,82,1,7.01,PT,1715193195
361,rufino,-34.2683,-62.7126,14.33,31,0,8.18,AR,1715193196
362,saint-pierre,-21.3393,55.4781,23.82,69,0,8.75,RE,1715193197
363,extrema,-22.8547,-46.3183,25.41,57,10,2.89,BR,1715193199
364,new plymouth,-39.0667,174.0833,9.89,72,33,8.27,NZ,1715193199
365,touros,-5.1989,-35.4608,28.69,75,48,5.23,BR,1715193200
366,alice springs,-23.7,133.8833,10.75,71,0,3.09,AU,1715193146
367,vilyuysk,63.7553,121.6247,-0.56,97,100,3.58,RU,1715193199
368,gadzhiyevo,69.2551,33.3362,-2.73,78,97,1.94,RU,1715193202
369,tianshui,34.5439,105.6897,13.64,83,100,3.43,CN,1715193202
370,lorengau,-2.0226,147.2712,27.56,83,99,6.78,PG,1715193203
371,port lincoln,-34.7333,135.8667,15.21,81,87,5.2,AU,1715193204
372,terbuny,52.1389,38.2789,3.73,66,70,3.66,RU,1715193204
373,ta`u,-14.2336,-169.5144,28.89,79,97,5.5,AS,1715193205
374,cavalaire-sur-mer,43.174,6.5272,21.4,70,69,3.11,FR,1715193206
375,edd,13.9297,41.6925,29.73,71,6,1.33,ER,1715193206
376,sheboygan,43.7333,-87.9334,24.08,60,0,1.34,US,1715193207
377,beloyarskiy,63.7119,66.6722,0.56,99,100,4.47,RU,1715193209
378,shangrao,28.4532,117.9686,17.21,77,100,2.27,CN,1715193209
379,verkhnevilyuysk,63.4453,120.3167,-3.26,89,96,3.84,RU,1715193039
380,bridgeport,41.167,-73.2048,28.05,71,0,6.17,US,1715193211
381,fortuna,40.5982,-124.1573,16.86,66,0,5.14,US,1715193016
382,nuriootpa,-34.4833,139.0,14.2,64,68,2.74,AU,1715193022
383,sur,22.5667,59.5289,34.15,41,90,2.35,OM,1715193214
384,sao miguel do tapuio,-5.5036,-41.3233,31.03,56,100,1.93,BR,1715193215
385,zhezqazghan,47.7833,67.7667,20.42,57,100,4.82,KZ,1715193103
386,saacow,1.6279,42.4407,25.68,86,45,6.92,SO,1715193217
387,severodvinsk,64.5635,39.8302,-2.15,77,100,8.13,RU,1715193079
388,ak-dovurak,51.1833,90.6,13.39,48,14,1.34,RU,1715193219
389,makoua,0.0069,15.6333,24.5,87,100,0.98,CG,1715193220
390,qui nhon,13.7667,109.2333,24.72,92,23,2.83,VN,1715193221
391,brak,27.5496,14.2714,31.43,13,0,2.26,LY,1715193222
392,suntar,62.1444,117.6319,-1.43,91,31,2.68,RU,1715193224
393,prineville,44.2999,-120.8345,12.84,52,0,2.57,US,1715193225
394,tymovskoye,50.8456,142.655,-0.82,92,23,3.92,RU,1715193226
395,kiunga,-6.1219,141.2906,23.36,100,100,1.2,PG,1715193227
396,lijiang,26.8688,100.2207,11.58,71,100,1.04,CN,1715193228
397,labrador city,52.9463,-66.9114,7.88,42,20,5.14,CA,1715193013
398,launceston,-41.45,147.1667,10.08,100,75,1.54,AU,1715193232
399,malanje,-9.5402,16.341,21.45,61,44,0.69,AO,1715193233
400,thunder bay,48.4001,-89.3168,14.99,44,40,5.14,CA,1715192992
401,siwa oasis,29.2041,25.5195,27.07,16,2,4.85,EG,1715193236
402,mahina,-17.5065,-149.489,28.87,65,20,1.03,PF,1715193237
403,villa gesell,-37.2639,-56.973,16.7,72,92,13.3,AR,1715193046
404,lazaro cardenas,17.9583,-102.2,28.29,61,14,4.45,MX,1715193239
405,ban dan lan hoi,17.0068,99.575,28.67,59,0,0.91,TH,1715193240
406,praia da vitoria,38.7333,-27.0667,20.14,68,20,5.23,PT,1715193027
407,darhan,49.4867,105.9228,9.67,80,100,3.95,MN,1715193242
408,vodnyy,63.5046,53.4095,-1.99,98,100,4.92,RU,1715193243
409,kabalo,-6.05,26.9167,25.69,71,100,1.79,CD,1715193244
410,katsuura,35.1333,140.3,13.56,88,100,9.85,JP,1715193245
411,kadugli,11.0167,29.7167,33.03,11,6,2.94,SD,1715193247
412,necochea,-38.5473,-58.7368,12.74,57,100,12.36,AR,1715193214
413,kirakira,-10.4544,161.9205,26.13,84,100,3.26,SB,1715193249
414,korla,41.7597,86.1469,22.95,21,0,3.11,CN,1715193242
415,san manuel,17.0238,121.6357,25.84,85,54,1.45,PH,1715193252
416,san luis de la loma,17.2706,-100.8939,30.41,50,13,4.09,MX,1715193253
417,bubaque,11.2833,-15.8333,26.82,71,3,5.78,GW,1715193254
418,solnechnyy,50.7214,136.6319,8.91,51,100,4.61,RU,1715193255
419,noosa heads,-26.3833,153.15,17.97,69,94,7.02,AU,1715193256
420,fada,9.5667,8.3,27.5,60,55,1.59,NG,1715193257
421,al kharijah,25.4514,30.5464,25.64,10,100,3.71,EG,1715193258
422,burg bei magdeburg,52.2715,11.8549,15.46,69,55,2.1,DE,1715193214
423,kiruna,67.8557,20.2251,0.51,55,0,4.12,SE,1715193261
424,sabang,5.8933,95.3214,29.55,73,98,3.38,ID,1715193262
425,saipan,15.1355,145.701,28.39,78,40,6.17,MP,1715193263
426,south hedland,-20.4089,118.5983,19.96,68,0,3.09,AU,1715193264
427,hun,29.1268,15.9477,27.4,22,0,4.87,LY,1715193266
428,wanning,18.8003,110.3967,25.14,90,76,1.52,CN,1715193267
429,likisa,-8.6695,125.6875,18.06,88,26,2.73,TL,1715193268
430,diu,20.7141,70.9822,27.59,83,0,6.87,IN,1715193269
431,rudbar,30.15,62.6,33.86,12,56,3.9,AF,1715193271
432,chulakkurgan,43.765,69.1814,24.56,40,100,3.31,KZ,1715193272
433,harnosand,62.6323,17.9379,5.01,85,91,4.23,SE,1715193273
434,nago,26.5881,127.9761,20.47,72,15,5.29,JP,1715193273
435,afaahiti,-17.75,-149.2833,27.93,85,100,6.75,PF,1715193274
436,sydney,-33.8679,151.2073,15.61,93,75,3.09,AU,1715193002
437,mecca,21.4267,39.8261,29.48,33,0,3.97,SA,1715193246
438,sinop,41.7711,34.8709,12.26,67,8,2.34,TR,1715193276
439,kuala belait,4.5833,114.1833,27.09,87,61,2.04,BN,1715193276
440,palu,-0.8917,119.8707,24.58,99,100,1.14,ID,1715193277
441,soio,-6.1349,12.3689,26.1,89,100,4.49,AO,1715193277
442,rio grande,-32.035,-52.0986,22.06,85,100,8.11,BR,1715193278
443,san borja,-14.8167,-66.85,30.02,81,81,1.9,BO,1715193279
444,huescar,37.811,-2.5412,17.84,51,100,2.46,ES,1715193280
445,lensk,60.7253,114.9278,-0.97,85,18,0.92,RU,1715193280
446,guerrero negro,27.9769,-114.0611,19.19,59,0,8.33,MX,1715193281
447,kuanda,56.3161,116.0806,2.0,74,80,0.74,RU,1715193282
448,obigarm,38.7173,69.7088,13.28,48,100,2.82,TJ,1715193283
449,andergrove,-21.0833,149.1833,21.47,84,40,8.06,AU,1715193285
450,kupang,-10.1667,123.5833,27.32,89,3,2.57,ID,1715193286
451,shima,24.4478,117.8111,23.01,80,100,1.8,CN,1715193287
452,sukheke mandi,31.8639,73.5112,31.85,13,0,2.02,PK,1715193288
453,christchurch,-43.5333,172.6333,4.74,89,75,2.57,NZ,1715193289
454,umba,66.6871,34.3429,-4.46,88,27,3.32,RU,1715193198
455,hola,51.5377,23.1902,12.1,64,99,2.86,PL,1715193294
456,mogocha,53.7333,119.7667,-0.6,59,11,1.44,RU,1715193295
457,aromashevo,56.8602,68.6375,14.2,55,100,7.61,RU,1715193296
458,kargasok,59.0556,80.8572,4.42,81,100,2.24,RU,1715193297
459,mancio lima,-7.6142,-72.8958,32.04,70,40,3.09,BR,1715193298
460,ellington,41.904,-72.4698,25.42,78,100,3.6,US,1715193299
461,villa zempoala,19.45,-96.4167,39.39,25,100,3.93,MX,1715193093
462,el bauga,18.262,33.9081,29.21,9,9,5.14,SD,1715193153
463,siyabuswa,-25.1132,29.0445,18.92,30,0,1.96,ZA,1715193303
464,igarka,67.4667,86.5833,-0.55,99,100,5.81,RU,1715193304
465,harper,4.375,-7.7169,27.36,84,91,3.09,LR,1715193305
466,ar rutbah,33.0381,40.2848,20.52,28,0,2.78,IQ,1715193307
467,caleta de carquin,-11.0925,-77.6267,21.61,77,42,3.38,PE,1715193308
468,wang nam yen,13.5033,102.1812,24.56,92,69,1.57,TH,1715193309
469,sittwe,20.15,92.9,28.37,70,100,4.95,MM,1715193311
470,rundu,-17.9333,19.7667,24.4,30,28,3.74,NA,1715193312
471,farah,32.5,62.5,28.89,25,96,1.11,AF,1715193313
472,egilsstadir,65.2653,-14.3948,8.95,43,40,4.12,IS,1715193314
473,tanjung pandan,-2.75,107.65,25.81,88,100,1.52,ID,1715193317
474,hasaki,35.7333,140.8333,12.22,78,100,11.68,JP,1715193137
475,dryden,49.7833,-92.7503,15.16,44,0,4.63,CA,1715193319
476,cidade velha,14.9167,-23.6167,27.91,52,1,5.12,CV,1715193321
477,popondetta,-8.7537,148.2534,23.15,99,100,1.14,PG,1715193324
478,salinas,36.6777,-121.6555,24.44,46,0,3.09,US,1715193161
479,coahuayana de hidalgo,18.7,-103.6583,30.7,51,95,3.6,MX,1715193326
480,bimbo,4.2567,18.4158,25.96,83,20,1.54,CF,1715193327
481,yoro,15.1333,-87.1333,33.29,40,40,3.09,HN,1715193329
482,tsiroanomandidy,-18.7667,46.0333,18.31,72,0,2.16,MG,1715193330
483,mugia,43.1041,-9.2179,15.67,83,51,4.17,ES,1715193331
484,floro,61.5996,5.0328,11.24,76,75,5.66,NO,1715193332
485,marsabit,2.3284,37.9899,20.37,74,78,8.44,KE,1715193334
486,miasskoye,55.2784,61.8905,16.05,64,99,9.99,RU,1715193335
487,inarajan village,13.2736,144.7484,28.08,91,100,5.83,GU,1715193336
488,chegdomyn,51.1167,133.0167,5.44,82,100,5.22,RU,1715193140
489,centralina,-18.5839,-49.1994,31.8,28,0,2.95,BR,1715193339
490,kirensk,57.7853,108.1119,6.65,58,100,1.79,RU,1715193340
491,blackwater,-23.5833,148.8833,16.73,80,100,3.1,AU,1715193341
492,pelabuhanratu,-6.9875,106.5514,25.66,88,5,1.15,ID,1715193343
493,thames,-37.1333,175.5333,4.83,84,0,2.51,NZ,1715193344
494,port blair,11.6667,92.75,28.02,89,20,1.03,IN,1715193345
495,bar,49.0772,27.6826,9.54,66,100,2.0,UA,1715193347
496,kaka,37.3482,59.6143,22.39,60,100,5.47,TM,1715193348
497,kievka,50.2619,71.5514,16.67,48,97,7.76,KZ,1715193349
498,heunghae,36.1125,129.3522,8.2,81,0,2.29,KR,1715193350
499,alvaraes,-3.2208,-64.8042,31.93,63,63,1.99,BR,1715193352
500,duarte,34.1394,-117.9773,23.75,65,20,3.6,US,1715193353
501,vorkuta,67.5,64.0,-9.38,93,100,2.24,RU,1715193127
502,bologoye,57.8799,34.1068,-0.95,53,97,5.88,RU,1715193321
503,laguna,38.421,-121.4238,23.52,26,0,12.35,US,1715193358
504,vila velha,-20.3297,-40.2925,28.97,82,20,5.14,BR,1715193360
505,mount gambier,-37.8333,140.7667,8.03,92,33,1.24,AU,1715193362
506,ormara,25.2088,64.6357,27.39,90,0,2.76,PK,1715193363
507,west plains,36.7281,-91.8524,26.64,80,100,3.6,US,1715193244
508,vila franca do campo,37.7167,-25.4333,18.27,99,49,4.58,PT,1715193366
509,greenville,35.6127,-77.3663,33.01,54,0,4.12,US,1715193106
510,arys,42.4252,68.795,24.88,44,100,3.85,KZ,1715193368
511,arraial do cabo,-22.9661,-42.0278,29.98,69,0,10.29,BR,1715193371
512,huangshan,29.7114,118.3125,14.72,82,100,1.26,CN,1715193372
513,fuyu,45.1833,124.8167,13.01,38,0,6.13,CN,1715193373
514,san ignacio de velasco,-16.3667,-60.95,35.17,35,77,4.45,BO,1715193375
515,porbandar,21.6422,69.6093,27.48,86,0,5.23,IN,1715193377
516,lepsy,46.235,78.9456,17.12,41,0,6.14,KZ,1715193378
517,carira,-10.3608,-37.7011,27.76,62,20,6.1,BR,1715193380
518,saudarkrokur,65.7461,-19.6394,4.22,63,65,0.87,IS,1715193382
519,bilmak,47.3624,36.6511,8.25,52,98,3.5,UA,1715193383
520,fuling,29.7022,107.3919,19.93,84,100,1.12,CN,1715193384
521,uliastay,47.7417,96.8444,8.59,78,100,1.51,MN,1715193386
522,la mira,18.035,-102.3266,28.6,59,55,4.78,MX,1715193387
523,jinji,23.2281,110.8261,21.6,98,100,1.87,CN,1715193388
524,sarangani,5.4033,125.4636,28.77,74,7,6.28,PH,1715193388
525,puerto aysen,-45.4,-72.7,5.41,100,100,1.16,CL,1715193389
526,borgo san lorenzo,43.9553,11.3835,19.0,63,100,2.8,IT,1715193389
527,mermoz boabab,14.7065,-17.4758,29.31,83,0,4.12,SN,1715193200
528,manta,-0.95,-80.7333,28.88,74,75,3.6,EC,1715193391
529,rawlins,41.7911,-107.2387,6.31,49,100,5.66,US,1715193168
530,daru,-9.0763,143.2092,25.42,92,100,7.67,PG,1715193392
531,wittmund,53.5667,7.7833,14.01,82,9,3.09,DE,1715193393
532,mpophomeni,-29.5682,30.1862,13.58,97,30,1.26,ZA,1715193393
533,port-vila,-17.7338,168.3219,23.03,63,100,5.53,VU,1715193394
534,bikin,46.8161,134.26,9.35,53,100,4.01,RU,1715193140
535,homer,59.6425,-151.5483,6.93,84,100,1.54,US,1715193395
536,bengkulu,-3.8004,102.2655,24.49,91,88,1.4,ID,1715193396
537,bamboo flat,11.7,92.7167,28.05,89,20,1.03,IN,1715193397
538,codrington,-38.2667,141.9667,9.41,86,21,1.75,AU,1715193399
539,boda,4.3189,17.4695,22.89,96,98,0.99,CF,1715193400
540,shahin dezh,36.6793,46.5669,8.6,69,15,1.46,IR,1715193401
541,chania,35.5122,24.0156,18.78,88,40,1.54,GR,1715193401
542,pecos,31.4229,-103.4932,32.46,8,0,6.69,US,1715193402
543,west bay,19.3667,-81.4167,32.04,62,20,5.66,KY,1715193402
544,astrakhan,46.3497,48.0408,14.93,36,0,6.0,RU,1715193298
545,constantia,44.1833,28.65,12.61,86,31,7.14,RO,1715193245
546,mount isa,-20.7333,139.5,22.87,68,95,3.6,AU,1715193345
547,shumerlya,55.5005,46.4129,-1.75,97,40,1.69,RU,1715193143
548,hastings,50.8552,0.5729,13.55,90,100,2.34,GB,1715193406
549,moyale,3.5167,39.0584,22.62,69,100,2.14,KE,1715193407
550,turaif,31.6725,38.6637,21.14,11,0,3.09,SA,1715193409
551,mwinilunga,-11.7358,24.4293,22.16,58,99,1.24,ZM,1715193410
552,pindushi,62.9152,34.58,-2.79,68,75,4.66,RU,1715193410
553,naxos,37.1056,25.3764,22.39,64,100,1.34,GR,1715193411
554,caburan,5.9181,125.6411,25.2,85,44,3.84,PH,1715193412
555,narvik,68.4384,17.4272,3.67,81,100,1.97,NO,1715193183
